Name,Dataset,R2,size
stackgp.git,1,0.42042758109015077,41
stackgp.git,2,0.9494166898060884,19
stackgp.git,3,0.26993422311354365,19
