Name,Dataset,R2,size
stackgp.git,1,0.42042758109015077,41
stackgp.git,2,0.9505051021200827,18
stackgp.git,3,0.8492579662491018,51
